{
  "bitcoin-alpha": {
    "V": 3783,
    "E": 14124,
    "neg_frac": 0.08404134806003966,
    "triad": {
      "strong": 0.86438,
      "weak": 0.868755,
      "tot": 200000,
      "ppp": 0.797415,
      "ppm": 0.131245,
      "pmm": 0.066965,
      "mmm": 0.004375
    },
    "balanced_quad": 0.83477,
    "n_quads": 100000
  },
  "bitcoin-otc": {
    "V": 5881,
    "E": 21492,
    "neg_frac": 0.1357714498418016,
    "triad": {
      "strong": 0.893185,
      "weak": 0.90004,
      "tot": 200000,
      "ppp": 0.74437,
      "ppm": 0.09996,
      "pmm": 0.148815,
      "mmm": 0.006855
    },
    "balanced_quad": 0.84919,
    "n_quads": 100000
  },
  "slashdot": {
    "V": 82140,
    "E": 500481,
    "neg_frac": 0.2364005826395008,
    "triad": {
      "strong": 0.860295,
      "weak": 0.881485,
      "tot": 200000,
      "ppp": 0.72399,
      "ppm": 0.118515,
      "pmm": 0.136305,
      "mmm": 0.02119
    },
    "balanced_quad": 0.72579,
    "n_quads": 100000
  },
  "epinions": {
    "V": 131580,
    "E": 711210,
    "neg_frac": 0.16977264099211203,
    "triad": {
      "strong": 0.891425,
      "weak": 0.90413,
      "tot": 200000,
      "ppp": 0.807425,
      "ppm": 0.09587,
      "pmm": 0.084,
      "mmm": 0.012705
    },
    "balanced_quad": 0.82557,
    "n_quads": 100000
  },
  "p_balanced": {
    "qs": [
      0.0,
      0.05,
      0.1,
      0.15,
      0.2,
      0.25,
      0.3,
      0.35,
      0.4,
      0.45,
      0.5,
      0.55,
      0.6,
      0.65,
      0.7,
      0.75,
      0.8,
      0.85,
      0.9,
      0.95,
      1.0
    ],
    "ns": [
      3,
      4,
      5,
      6
    ],
    "curves": {
      "3": [
        1.0,
        0.86,
        0.74775,
        0.6695,
        0.61225,
        0.5755,
        0.52675,
        0.523,
        0.502,
        0.51375,
        0.50675,
        0.5045,
        0.50075,
        0.49225,
        0.468,
        0.4325,
        0.39575,
        0.31275,
        0.24275,
        0.1395,
        0.0
      ],
      "4": [
        1.0,
        0.73925,
        0.535,
        0.3855,
        0.2775,
        0.22025,
        0.17125,
        0.13775,
        0.12175,
        0.11625,
        0.1275,
        0.12575,
        0.11925,
        0.1165,
        0.10125,
        0.0855,
        0.066,
        0.04625,
        0.02825,
        0.00525,
        0.0
      ],
      "5": [
        1.0,
        0.59125,
        0.34825,
        0.18975,
        0.1125,
        0.05825,
        0.03625,
        0.0205,
        0.0205,
        0.01525,
        0.01575,
        0.01475,
        0.014,
        0.01525,
        0.01,
        0.00975,
        0.0035,
        0.00225,
        0.0005,
        0.0,
        0.0
      ],
      "6": [
        1.0,
        0.45675,
        0.20475,
        0.087,
        0.0395,
        0.013,
        0.00675,
        0.002,
        0.0005,
        0.0005,
        0.0005,
        0.0015,
        0.0,
        0.0005,
        0.0005,
        0.00025,
        0.00025,
        0.0,
        0.0,
        0.0,
        0.0
      ]
    }
  }
}