{
  "bitcoin-alpha": {
    "V": 3783,
    "E": 14124,
    "neg_frac": 0.08404134806003966,
    "triad": {
      "strong": 0.86438,
      "weak": 0.868755,
      "tot": 200000,
      "ppp": 0.797415,
      "ppm": 0.131245,
      "pmm": 0.066965,
      "mmm": 0.004375
    },
    "balanced_quad": 0.83477,
    "n_quads": 100000
  },
  "bitcoin-otc": {
    "V": 5881,
    "E": 21492,
    "neg_frac": 0.1357714498418016,
    "triad": {
      "strong": 0.893185,
      "weak": 0.90004,
      "tot": 200000,
      "ppp": 0.74437,
      "ppm": 0.09996,
      "pmm": 0.148815,
      "mmm": 0.006855
    },
    "balanced_quad": 0.84919,
    "n_quads": 100000
  },
  "slashdot": {
    "V": 82140,
    "E": 500481,
    "neg_frac": 0.2364005826395008,
    "triad": {
      "strong": 0.860295,
      "weak": 0.881485,
      "tot": 200000,
      "ppp": 0.72399,
      "ppm": 0.118515,
      "pmm": 0.136305,
      "mmm": 0.02119
    },
    "balanced_quad": 0.72579,
    "n_quads": 100000
  },
  "epinions": {
    "V": 131580,
    "E": 711210,
    "neg_frac": 0.16977264099211203,
    "triad": {
      "strong": 0.891425,
      "weak": 0.90413,
      "tot": 200000,
      "ppp": 0.807425,
      "ppm": 0.09587,
      "pmm": 0.084,
      "mmm": 0.012705
    },
    "balanced_quad": 0.82557,
    "n_quads": 100000
  },
  "reddit-body": {
    "V": 21836,
    "E": 66570,
    "neg_frac": 0.058660057082770015,
    "triad": {
      "strong": 0.82192,
      "weak": 0.82314,
      "tot": 200000,
      "ppp": 0.79776,
      "ppm": 0.17686,
      "pmm": 0.02416,
      "mmm": 0.00122
    },
    "balanced_quad": 0.80907,
    "n_quads": 100000
  },
  "p_balanced": {
    "qs": [
      0.0,
      0.05,
      0.1,
      0.15,
      0.2,
      0.25,
      0.3,
      0.35,
      0.4,
      0.45,
      0.5,
      0.55,
      0.6,
      0.65,
      0.7,
      0.75,
      0.8,
      0.85,
      0.9,
      0.95,
      1.0
    ],
    "ns": [
      3,
      4,
      5,
      6
    ],
    "curves": {
      "3": [
        1.0,
        0.8725,
        0.76075,
        0.67775,
        0.60325,
        0.553,
        0.542,
        0.52225,
        0.502,
        0.49675,
        0.4935,
        0.51025,
        0.487,
        0.484,
        0.46575,
        0.4295,
        0.40425,
        0.34075,
        0.238,
        0.13475,
        0.0
      ],
      "4": [
        1.0,
        0.73875,
        0.53325,
        0.378,
        0.2895,
        0.2145,
        0.172,
        0.14425,
        0.13125,
        0.12725,
        0.126,
        0.1255,
        0.129,
        0.1165,
        0.09925,
        0.0815,
        0.06125,
        0.0465,
        0.02825,
        0.005,
        0.0
      ],
      "5": [
        1.0,
        0.59475,
        0.359,
        0.19825,
        0.10775,
        0.069,
        0.031,
        0.02275,
        0.0195,
        0.0175,
        0.015,
        0.017,
        0.01175,
        0.016,
        0.0095,
        0.007,
        0.0035,
        0.003,
        0.0,
        0.0,
        0.0
      ],
      "6": [
        1.0,
        0.465,
        0.2175,
        0.08225,
        0.0385,
        0.01025,
        0.003,
        0.002,
        0.001,
        0.0005,
        0.001,
        0.00125,
        0.0005,
        0.00125,
        0.00075,
        0.00025,
        0.00025,
        0.0,
        0.0,
        0.0,
        0.0
      ]
    }
  }
}