{
  "c1": false,
  "train_mse": 0.000001,
  "test_mse": 0.004193
}
