{
  "anchors": [[4.0000,4.0000,4.0000,2.0000],[12.0000,5.0000,3.0000,3.0000],[6.0000,11.0000,5.0000,2.0000],[13.0000,12.0000,2.0000,4.0000]],
  "targets": [[5.0000,3.5000,5.0000,1.5000,0.3000],[11.0000,6.0000,2.2000,4.0000,-0.5000],[7.0000,10.0000,3.5000,2.5000,0.9000],[12.5000,13.0000,4.0000,2.0000,1.2000]],
  "init": [[3.8639,3.2330,2.2313,1.4595,-0.7173],[11.4164,5.2480,3.2157,3.6416,-0.3715],[6.3871,11.7367,5.8493,1.1772,0.3978],[12.6028,11.9511,1.0845,3.2717,0.3649]],
  "learned": [[5.0007,3.5018,5.0035,1.4934,0.3102],[11.0027,6.0038,2.1956,3.9785,-0.4896],[7.0040,10.0037,3.4916,2.4841,0.9133],[12.5040,13.0053,2.0077,3.9994,-0.3631]],
  "loss_curve": [[0,0.558290],[50,0.033287],[100,0.016453],[150,0.009688],[200,0.013252],[250,0.011151],[300,0.015399],[350,0.012844],[400,0.009678],[450,0.013764],[500,0.012200],[550,0.015763],[600,0.015556],[650,0.011870],[700,0.008692],[750,0.012661],[800,0.009603],[850,0.010268],[900,0.012160],[950,0.007915],[1000,0.011108],[1050,0.007853],[1100,0.008659],[1150,0.010095],[1200,0.014602],[1250,0.010847],[1300,0.015490],[1350,0.015607],[1400,0.012149],[1450,0.009921],[1500,0.008690],[1550,0.015843],[1600,0.008641],[1650,0.009116],[1700,0.012217],[1750,0.009847],[1800,0.007370],[1850,0.009337],[1900,0.011339],[1950,0.007667],[2000,0.010621],[2050,0.012450],[2100,0.007557],[2150,0.009102],[2200,0.009401],[2250,0.014312],[2300,0.014771],[2350,0.006734],[2400,0.010654],[2450,0.009108],[2500,0.008345],[2550,0.013463],[2600,0.012353],[2650,0.013495],[2700,0.012441],[2750,0.009149],[2800,0.010006],[2850,0.011154],[2900,0.008810],[2950,0.008897]],
  "l0": 0.591775, "l1": 0.012934
}
