{
  "g": 24,
  "gt": [[12.00,3.00],[12.00,9.00],[6.00,7.00],[18.00,7.00],[8.00,19.00],[16.00,19.00]],
  "pred": [[12.00,3.00],[12.00,9.00],[6.00,7.00],[18.00,7.00],[8.00,19.00],[16.00,19.00]],
  "edges": [[0,1],[1,2],[1,3],[1,4],[1,5]],
  "loss_curve": [[0,28.27496],[50,0.01099],[100,0.00017],[150,0.00000],[200,0.00000],[250,0.00000],[300,0.00000],[350,0.00000],[400,0.00000],[450,0.00000],[500,0.00000],[550,0.00000],[600,0.00000],[650,0.00000],[700,0.00000],[750,0.00000],[800,0.00000],[850,0.00000],[900,0.00000],[950,0.00000],[1000,0.00000],[1050,0.00000],[1100,0.00000],[1150,0.00000],[1200,0.00001],[1250,0.00000],[1300,0.00008],[1350,0.00001],[1400,0.00000],[1450,0.00003]],
  "max_err": 0.0009
}
