{
  "kappas": [1.00000,4.00000,16.00000],
  "thetas": [0.00000,0.03491,0.06981,0.10472,0.13963,0.17453,0.20944,0.24435,0.27925,0.31416,0.34907,0.38397,0.41888,0.45379,0.48869,0.52360,0.55851,0.59341,0.62832,0.66323,0.69813,0.73304,0.76794,0.80285,0.83776,0.87266,0.90757,0.94248,0.97738,1.01229,1.04720,1.08210,1.11701,1.15192,1.18682,1.22173,1.25664,1.29154,1.32645,1.36136,1.39626,1.43117,1.46608,1.50098,1.53589,1.57080,1.60570,1.64061,1.67552,1.71042,1.74533,1.78024,1.81514,1.85005,1.88496,1.91986,1.95477,1.98968,2.02458,2.05949,2.09440,2.12930,2.16421,2.19912,2.23402,2.26893,2.30383,2.33874,2.37365,2.40855,2.44346,2.47837,2.51327,2.54818,2.58309,2.61799,2.65290,2.68781,2.72271,2.75762,2.79253,2.82743,2.86234,2.89725,2.93215,2.96706,3.00197,3.03687,3.07178,3.10669],
  "curves": [[0.13419,0.13386,0.13289,0.13129,0.12909,0.12634,0.12308,0.11937,0.11527,0.11086,0.10620,0.10135,0.09639,0.09137,0.08635,0.08139,0.07653,0.07180,0.06724,0.06288,0.05873,0.05480,0.05112,0.04767,0.04447,0.04150,0.03876,0.03624,0.03394,0.03185,0.02994,0.02822,0.02667,0.02528,0.02404,0.02295,0.02198,0.02114,0.02042,0.01980,0.01929,0.01888,0.01856,0.01834,0.01820,0.01816,0.01820,0.01834,0.01856,0.01888,0.01929,0.01980,0.02042,0.02114,0.02198,0.02295,0.02404,0.02528,0.02667,0.02822,0.02994,0.03185,0.03394,0.03624,0.03876,0.04150,0.04447,0.04767,0.05112,0.05480,0.05873,0.06288,0.06724,0.07180,0.07653,0.08139,0.08635,0.09137,0.09639,0.10135,0.10620,0.11086,0.11527,0.11937,0.12308,0.12634,0.12909,0.13129,0.13289,0.13386],[0.30193,0.29900,0.29040,0.27666,0.25859,0.23721,0.21366,0.18904,0.16441,0.14065,0.11844,0.09825,0.08038,0.06490,0.05178,0.04086,0.03193,0.02474,0.01903,0.01455,0.01108,0.00840,0.00636,0.00481,0.00364,0.00276,0.00210,0.00161,0.00124,0.00096,0.00075,0.00059,0.00047,0.00038,0.00031,0.00026,0.00022,0.00019,0.00016,0.00014,0.00013,0.00012,0.00011,0.00011,0.00010,0.00010,0.00010,0.00011,0.00011,0.00012,0.00013,0.00014,0.00016,0.00019,0.00022,0.00026,0.00031,0.00038,0.00047,0.00059,0.00075,0.00096,0.00124,0.00161,0.00210,0.00276,0.00364,0.00481,0.00636,0.00840,0.01108,0.01455,0.01903,0.02474,0.03193,0.04086,0.05178,0.06490,0.08038,0.09825,0.11844,0.14065,0.16441,0.18904,0.21366,0.23721,0.25859,0.27666,0.29040,0.29900],[0.62103,0.59761,0.53229,0.43861,0.33453,0.23667,0.15574,0.09553,0.05470,0.02929,0.01472,0.00696,0.00312,0.00133,0.00054,0.00021,0.00008,0.00003,0.00001,0.00000,0.00000,0.00000,0.00000,0.00000,0.00000,0.00000,0.00000,0.00000,0.00000,0.00000,0.00000,0.00000,0.00000,0.00000,0.00000,0.00000,0.00000,0.00000,0.00000,0.00000,0.00000,0.00000,0.00000,0.00000,0.00000,0.00000,0.00000,0.00000,0.00000,0.00000,0.00000,0.00000,0.00000,0.00000,0.00000,0.00000,0.00000,0.00000,0.00000,0.00000,0.00000,0.00000,0.00000,0.00000,0.00000,0.00000,0.00000,0.00000,0.00000,0.00000,0.00000,0.00000,0.00001,0.00003,0.00008,0.00021,0.00054,0.00133,0.00312,0.00696,0.01472,0.02929,0.05470,0.09553,0.15574,0.23667,0.33453,0.43861,0.53230,0.59761]],
  "k": 16, "stim": 1.17810,
  "pops": [[0.02434,0.03367,0.04937,0.07238,0.10012,0.12435,0.13419,0.12435,0.10012,0.07238,0.04937,0.03367,0.02434,0.01960,0.01816,0.01960],[0.00033,0.00120,0.00553,0.02556,0.09356,0.22267,0.30193,0.22267,0.09356,0.02556,0.00553,0.00120,0.00033,0.00014,0.00010,0.00014],[0.00000,0.00000,0.00000,0.00003,0.00573,0.18373,0.62103,0.18373,0.00573,0.00003,0.00000,0.00000,0.00000,0.00000,0.00000,0.00000]]
}
