{
  "bitcoin-alpha": {
    "real": {
      "median": 0.8818,
      "q25": 0.8817,
      "q75": 0.8852,
      "n": 5,
      "vals": [
        0.8818,
        0.8899,
        0.8817,
        0.8723,
        0.8852
      ]
    },
    "shuffle": {
      "median": 0.503,
      "q25": 0.4798,
      "q75": 0.5084,
      "n": 5,
      "vals": [
        0.503,
        0.4716,
        0.4798,
        0.526,
        0.5084
      ]
    },
    "drop": 0.3788,
    "verdict": "STRUCTURAL (no leakage)"
  },
  "bitcoin-otc": {
    "real": {
      "median": 0.9023,
      "q25": 0.9016,
      "q75": 0.9041,
      "n": 5,
      "vals": [
        0.9056,
        0.9041,
        0.8986,
        0.9023,
        0.9016
      ]
    },
    "shuffle": {
      "median": 0.4806,
      "q25": 0.4796,
      "q75": 0.5022,
      "n": 5,
      "vals": [
        0.4806,
        0.4683,
        0.5125,
        0.4796,
        0.5022
      ]
    },
    "drop": 0.42169999999999996,
    "verdict": "STRUCTURAL (no leakage)"
  },
  "slashdot": {
    "real": {
      "median": 0.8922,
      "q25": 0.8907,
      "q75": 0.8942,
      "n": 5,
      "vals": [
        0.8942,
        0.8922,
        0.8907,
        0.8899,
        0.8945
      ]
    },
    "shuffle": {
      "median": 0.4936,
      "q25": 0.491,
      "q75": 0.4949,
      "n": 5,
      "vals": [
        0.5004,
        0.4936,
        0.491,
        0.4873,
        0.4949
      ]
    },
    "drop": 0.3986,
    "verdict": "STRUCTURAL (no leakage)"
  },
  "epinions": {
    "real": {
      "median": 0.933,
      "q25": 0.9322,
      "q75": 0.9342,
      "n": 5,
      "vals": [
        0.933,
        0.9342,
        0.9322,
        0.9313,
        0.9359
      ]
    },
    "shuffle": {
      "median": 0.5284,
      "q25": 0.5258,
      "q75": 0.5312,
      "n": 5,
      "vals": [
        0.5284,
        0.5258,
        0.5426,
        0.5312,
        0.523
      ]
    },
    "drop": 0.40460000000000007,
    "verdict": "STRUCTURAL (no leakage)"
  }
}